<ImportExportXml xmlns:xsi="http://www.w3.org/2001/XMLSchema-instance">
  <Entities>
    <Entity>
      <Name LocalizedName="Account" OriginalName="">Account</Name>
      <EntityInfo>
        <entity Name="Account" unmodified="1">
          <attributes />
        </entity>
      </EntityInfo>
      <RibbonDiffXml>
        <CustomActions />
        <Templates>
          <RibbonTemplates Id="Mscrm.Templates"></RibbonTemplates>
        </Templates>
        <CommandDefinitions />
        <RuleDefinitions>
          <TabDisplayRules />
          <DisplayRules />
          <EnableRules />
        </RuleDefinitions>
        <LocLabels />
      </RibbonDiffXml>
    </Entity>
    <Entity>
      <Name LocalizedName="External" OriginalName="External">mwo_external</Name>
      <EntityInfo>
        <entity Name="mwo_external">
          <LocalizedNames>
            <LocalizedName description="External" languagecode="1033" />
          </LocalizedNames>
          <LocalizedCollectionNames>
            <LocalizedCollectionName description="Externals" languagecode="1033" />
          </LocalizedCollectionNames>
          <Descriptions>
            <Description description="" languagecode="1033" />
          </Descriptions>
          <attributes>
            <attribute PhysicalName="mwo_externalId">
              <Type>primarykey</Type>
              <Name>mwo_externalid</Name>
              <LogicalName>mwo_externalid</LogicalName>
              <RequiredLevel>systemrequired</RequiredLevel>
              <DisplayMask>ValidForAdvancedFind|RequiredForGrid</DisplayMask>
              <ImeMode>auto</ImeMode>
              <ValidForUpdateApi>0</ValidForUpdateApi>
              <ValidForReadApi>1</ValidForReadApi>
              <ValidForCreateApi>1</ValidForCreateApi>
              <IsCustomField>0</IsCustomField>
              <IsAuditEnabled>0</IsAuditEnabled>
              <IsSecured>0</IsSecured>
              <IntroducedVersion>1.0.0.0</IntroducedVersion>
              <IsCustomizable>1</IsCustomizable>
              <IsRenameable>1</IsRenameable>
              <CanModifySearchSettings>1</CanModifySearchSettings>
              <CanModifyRequirementLevelSettings>0</CanModifyRequirementLevelSettings>
              <CanModifyAdditionalSettings>1</CanModifyAdditionalSettings>
              <SourceType>0</SourceType>
              <IsGlobalFilterEnabled>0</IsGlobalFilterEnabled>
              <IsSortableEnabled>0</IsSortableEnabled>
              <CanModifyGlobalFilterSettings>1</CanModifyGlobalFilterSettings>
              <CanModifyIsSortableSettings>1</CanModifyIsSortableSettings>
              <IsDataSourceSecret>0</IsDataSourceSecret>
              <AutoNumberFormat></AutoNumberFormat>
              <IsSearchable>0</IsSearchable>
              <IsFilterable>1</IsFilterable>
              <IsRetrievable>1</IsRetrievable>
              <IsLocalizable>0</IsLocalizable>
              <displaynames>
                <displayname description="External" languagecode="1033" />
              </displaynames>
              <Descriptions>
                <Description description="Unique identifier for entity instances" languagecode="1033" />
              </Descriptions>
            </attribute>
            <attribute PhysicalName="mwo_ExternalIdName">
              <Type>nvarchar</Type>
              <Name>mwo_externalidname</Name>
              <LogicalName>mwo_externalidname</LogicalName>
              <RequiredLevel>none</RequiredLevel>
              <DisplayMask>ValidForAdvancedFind|ValidForForm|ValidForGrid</DisplayMask>
              <ImeMode>auto</ImeMode>
              <ValidForUpdateApi>1</ValidForUpdateApi>
              <ValidForReadApi>1</ValidForReadApi>
              <ValidForCreateApi>1</ValidForCreateApi>
              <IsCustomField>1</IsCustomField>
              <IsAuditEnabled>1</IsAuditEnabled>
              <IsSecured>0</IsSecured>
              <IntroducedVersion>1.0.0.0</IntroducedVersion>
              <IsCustomizable>1</IsCustomizable>
              <IsRenameable>1</IsRenameable>
              <CanModifySearchSettings>1</CanModifySearchSettings>
              <CanModifyRequirementLevelSettings>1</CanModifyRequirementLevelSettings>
              <CanModifyAdditionalSettings>1</CanModifyAdditionalSettings>
              <SourceType>0</SourceType>
              <IsGlobalFilterEnabled>0</IsGlobalFilterEnabled>
              <IsSortableEnabled>0</IsSortableEnabled>
              <CanModifyGlobalFilterSettings>1</CanModifyGlobalFilterSettings>
              <CanModifyIsSortableSettings>1</CanModifyIsSortableSettings>
              <ExternalName>Id</ExternalName>
              <IsDataSourceSecret>0</IsDataSourceSecret>
              <AutoNumberFormat></AutoNumberFormat>
              <IsSearchable>0</IsSearchable>
              <IsFilterable>0</IsFilterable>
              <IsRetrievable>0</IsRetrievable>
              <IsLocalizable>0</IsLocalizable>
              <Format>text</Format>
              <MaxLength>100</MaxLength>
              <Length>200</Length>
              <displaynames>
                <displayname description="External Id" languagecode="1033" />
              </displaynames>
              <Descriptions>
                <Description description="" languagecode="1033" />
              </Descriptions>
            </attribute>
            <attribute PhysicalName="mwo_name">
              <Type>nvarchar</Type>
              <Name>mwo_name</Name>
              <LogicalName>mwo_name</LogicalName>
              <RequiredLevel>required</RequiredLevel>
              <DisplayMask>PrimaryName|ValidForAdvancedFind|ValidForForm|ValidForGrid|RequiredForForm</DisplayMask>
              <ImeMode>auto</ImeMode>
              <ValidForUpdateApi>1</ValidForUpdateApi>
              <ValidForReadApi>1</ValidForReadApi>
              <ValidForCreateApi>1</ValidForCreateApi>
              <IsCustomField>1</IsCustomField>
              <IsAuditEnabled>1</IsAuditEnabled>
              <IsSecured>0</IsSecured>
              <IntroducedVersion>1.0.0.0</IntroducedVersion>
              <IsCustomizable>1</IsCustomizable>
              <IsRenameable>1</IsRenameable>
              <CanModifySearchSettings>1</CanModifySearchSettings>
              <CanModifyRequirementLevelSettings>1</CanModifyRequirementLevelSettings>
              <CanModifyAdditionalSettings>1</CanModifyAdditionalSettings>
              <SourceType>0</SourceType>
              <IsGlobalFilterEnabled>0</IsGlobalFilterEnabled>
              <IsSortableEnabled>0</IsSortableEnabled>
              <CanModifyGlobalFilterSettings>1</CanModifyGlobalFilterSettings>
              <CanModifyIsSortableSettings>1</CanModifyIsSortableSettings>
              <ExternalName>Name</ExternalName>
              <IsDataSourceSecret>0</IsDataSourceSecret>
              <AutoNumberFormat></AutoNumberFormat>
              <IsSearchable>1</IsSearchable>
              <IsFilterable>0</IsFilterable>
              <IsRetrievable>1</IsRetrievable>
              <IsLocalizable>0</IsLocalizable>
              <Format>text</Format>
              <MaxLength>100</MaxLength>
              <Length>200</Length>
              <displaynames>
                <displayname description="Name" languagecode="1033" />
              </displaynames>
              <Descriptions>
                <Description description="The name of the custom entity." languagecode="1033" />
              </Descriptions>
            </attribute>
          </attributes>
          <EntitySetName>mwo_externals</EntitySetName>
          <IsDuplicateCheckSupported>0</IsDuplicateCheckSupported>
          <IsBusinessProcessEnabled>0</IsBusinessProcessEnabled>
          <IsRequiredOffline>0</IsRequiredOffline>
          <IsInteractionCentricEnabled>0</IsInteractionCentricEnabled>
          <IsCollaboration>0</IsCollaboration>
          <AutoRouteToOwnerQueue>0</AutoRouteToOwnerQueue>
          <IsConnectionsEnabled>0</IsConnectionsEnabled>
          <EntityColor></EntityColor>
          <IsDocumentManagementEnabled>0</IsDocumentManagementEnabled>
          <AutoCreateAccessTeams>0</AutoCreateAccessTeams>
          <IsOneNoteIntegrationEnabled>0</IsOneNoteIntegrationEnabled>
          <IsKnowledgeManagementEnabled>0</IsKnowledgeManagementEnabled>
          <IsSLAEnabled>0</IsSLAEnabled>
          <IsDocumentRecommendationsEnabled>0</IsDocumentRecommendationsEnabled>
          <DataProviderId>{d08ece66-791a-eb11-a813-000d3a59fa22}</DataProviderId>
          <DataSourceId>{a2a33b7d-791a-eb11-a813-000d3a59fa22}</DataSourceId>
          <IsBPFEntity>0</IsBPFEntity>
          <OwnershipTypeMask>OrgOwned</OwnershipTypeMask>
          <IsAuditEnabled>0</IsAuditEnabled>
          <IsRetrieveAuditEnabled>0</IsRetrieveAuditEnabled>
          <IsRetrieveMultipleAuditEnabled>0</IsRetrieveMultipleAuditEnabled>
          <IsActivity>0</IsActivity>
          <ActivityTypeMask></ActivityTypeMask>
          <IsActivityParty>0</IsActivityParty>
          <IsReplicated>0</IsReplicated>
          <IsReplicationUserFiltered>0</IsReplicationUserFiltered>
          <IsMailMergeEnabled>1</IsMailMergeEnabled>
          <IsVisibleInMobile>0</IsVisibleInMobile>
          <IsVisibleInMobileClient>0</IsVisibleInMobileClient>
          <IsReadOnlyInMobileClient>0</IsReadOnlyInMobileClient>
          <IsOfflineInMobileClient>0</IsOfflineInMobileClient>
          <DaysSinceRecordLastModified>0</DaysSinceRecordLastModified>
          <MobileOfflineFilters></MobileOfflineFilters>
          <IsMapiGridEnabled>0</IsMapiGridEnabled>
          <IsReadingPaneEnabled>0</IsReadingPaneEnabled>
          <IsQuickCreateEnabled>0</IsQuickCreateEnabled>
          <SyncToExternalSearchIndex>0</SyncToExternalSearchIndex>
          <IntroducedVersion>1.0.0.0</IntroducedVersion>
          <IsCustomizable>1</IsCustomizable>
          <IsRenameable>1</IsRenameable>
          <IsMappable>1</IsMappable>
          <CanModifyAuditSettings>1</CanModifyAuditSettings>
          <CanModifyMobileVisibility>1</CanModifyMobileVisibility>
          <CanModifyMobileClientVisibility>1</CanModifyMobileClientVisibility>
          <CanModifyMobileClientReadOnly>1</CanModifyMobileClientReadOnly>
          <CanModifyMobileClientOffline>1</CanModifyMobileClientOffline>
          <CanModifyConnectionSettings>1</CanModifyConnectionSettings>
          <CanModifyDuplicateDetectionSettings>1</CanModifyDuplicateDetectionSettings>
          <CanModifyMailMergeSettings>1</CanModifyMailMergeSettings>
          <CanModifyQueueSettings>1</CanModifyQueueSettings>
          <CanCreateAttributes>1</CanCreateAttributes>
          <CanCreateForms>1</CanCreateForms>
          <CanCreateCharts>0</CanCreateCharts>
          <CanCreateViews>1</CanCreateViews>
          <CanModifyAdditionalSettings>1</CanModifyAdditionalSettings>
          <CanEnableSyncToExternalSearchIndex>1</CanEnableSyncToExternalSearchIndex>
          <EnforceStateTransitions>0</EnforceStateTransitions>
          <CanChangeHierarchicalRelationship>1</CanChangeHierarchicalRelationship>
          <EntityHelpUrlEnabled>0</EntityHelpUrlEnabled>
          <EntityHelpUrl></EntityHelpUrl>
          <ChangeTrackingEnabled>0</ChangeTrackingEnabled>
          <CanChangeTrackingBeEnabled>0</CanChangeTrackingBeEnabled>
          <IsEnabledForExternalChannels>0</IsEnabledForExternalChannels>
          <ExternalName>ExternalModel</ExternalName>
          <ExternalCollectionName>ExternalModels</ExternalCollectionName>
          <IsSolutionAware>0</IsSolutionAware>
        </entity>
      </EntityInfo>
      <FormXml>
        <forms type="card">
          <systemform>
            <formid>{2442e142-e4a0-41ef-bc49-e8d7cc9cd0f1}</formid>
            <IntroducedVersion>1.0.0.0</IntroducedVersion>
            <FormPresentation>1</FormPresentation>
            <FormActivationState>1</FormActivationState>
            <form>
              <tabs>
                <tab name="general" verticallayout="true" id="{c73bb04c-7f6c-464e-ad34-8d3c4ba2700f}" IsUserDefined="0">
                  <labels>
                    <label description="" languagecode="1033" />
                  </labels>
                  <columns>
                    <column width="25%">
                      <sections>
                        <section name="ColorStrip" showlabel="false" showbar="false" columns="1" IsUserDefined="0" id="{28e57108-dfa7-4b4e-bd4f-158eb01ef38d}">
                          <labels>
                            <label description="ColorStrip" languagecode="1033" />
                          </labels>
                        </section>
                      </sections>
                    </column>
                    <column width="75%">
                      <sections>
                        <section name="CardHeader" showlabel="false" showbar="false" columns="111" id="{7e58ca7e-223b-4c0a-b779-7a4a26e60e43}" IsUserDefined="0">
                          <labels>
                            <label description="Header" languagecode="1033" />
                          </labels>
                          <rows>
                            <row>
                              <cell id="{874c1d64-436f-4869-9d46-64e1bdc10508}" showlabel="true" locklevel="0">
                                <labels>
                                  <label description="" languagecode="1033" />
                                </labels>
                                <control id="statuscode" classid="{5D68B988-0661-4db2-BC3E-17598AD3BE6C}" datafieldname="statuscode" disabled="false" />
                              </cell>
                              <cell id="{c8c49191-2530-411c-8705-08645fdde301}" showlabel="true" locklevel="0">
                                <labels>
                                  <label description="" languagecode="1033" />
                                </labels>
                              </cell>
                              <cell id="{4de2cc50-c335-47d7-86cb-10e5360c390f}" showlabel="true" locklevel="0">
                                <labels>
                                  <label description="" languagecode="1033" />
                                </labels>
                              </cell>
                            </row>
                          </rows>
                        </section>
                        <section name="CardDetails" showlabel="false" showbar="false" columns="1" id="{c812619d-7151-4dc7-8aa6-c7b02343adfe}" IsUserDefined="0">
                          <labels>
                            <label description="Details" languagecode="1033" />
                          </labels>
                          <rows>
                            <row>
                              <cell id="{5a3e4d31-dc28-4c89-8930-4457bd66002b}" showlabel="true" locklevel="0">
                                <labels>
                                  <label description="Name" languagecode="1033" />
                                </labels>
                                <control id="mwo_name" classid="{4273EDBD-AC1D-40d3-9FB2-095C621B552D}" datafieldname="mwo_name" disabled="false" />
                              </cell>
                            </row>
                          </rows>
                        </section>
                        <section name="CardFooter" showlabel="false" columns="1111" showbar="false" id="{ade9985d-59b8-468a-93ac-20d05b6f356c}" IsUserDefined="0">
                          <labels>
                            <label description="Footer" languagecode="1033" />
                          </labels>
                          <rows>
                            <row>
                              <cell id="{4841fecc-7714-4054-a88c-3ecf36044582}" showlabel="true" locklevel="0">
                                <labels>
                                  <label description="" languagecode="1033" />
                                </labels>
                                <control id="createdon" classid="{270BD3DB-D9AF-4782-9025-509E298DEC0A}" datafieldname="createdon" disabled="false" />
                              </cell>
                              <cell id="{c7381148-3b1b-49c2-aaac-5ecf717f9dc6}" showlabel="true" locklevel="0">
                                <labels>
                                  <label description="" languagecode="1033" />
                                </labels>
                              </cell>
                              <cell id="{4759a46c-0ed8-48b8-a082-92f74c96a6a4}" showlabel="true" locklevel="0">
                                <labels>
                                  <label description="" languagecode="1033" />
                                </labels>
                              </cell>
                            </row>
                          </rows>
                        </section>
                      </sections>
                    </column>
                  </columns>
                </tab>
              </tabs>
            </form>
            <IsCustomizable>1</IsCustomizable>
            <CanBeDeleted>1</CanBeDeleted>
            <LocalizedNames>
              <LocalizedName description="Information" languagecode="1033" />
            </LocalizedNames>
            <Descriptions>
              <Description description="A card form for this entity." languagecode="1033" />
            </Descriptions>
          </systemform>
        </forms>
        <forms type="main">
          <systemform>
            <formid>{bf7e5c24-425b-4855-8d6c-d41452530982}</formid>
            <IntroducedVersion>1.0.0.0</IntroducedVersion>
            <FormPresentation>1</FormPresentation>
            <FormActivationState>1</FormActivationState>
            <form>
              <tabs>
                <tab verticallayout="true" id="{f44e2022-13f3-4aaf-b8af-dbc6cb67ae33}" IsUserDefined="1">
                  <labels>
                    <label description="General" languagecode="1033" />
                  </labels>
                  <columns>
                    <column width="100%">
                      <sections>
                        <section showlabel="false" showbar="false" IsUserDefined="0" id="{266cd301-02f3-4e46-ae33-34419cbda4e8}">
                          <labels>
                            <label description="General" languagecode="1033" />
                          </labels>
                          <rows>
                            <row>
                              <cell id="{accfaee9-af94-466e-83a0-310888c1876e}">
                                <labels>
                                  <label description="Name" languagecode="1033" />
                                </labels>
                                <control id="mwo_name" classid="{4273EDBD-AC1D-40d3-9FB2-095C621B552D}" datafieldname="mwo_name" />
                              </cell>
                            </row>
                            <row>
                              <cell id="{8d75530c-2a75-503c-6c84-84cd50a564cd}" showlabel="true" locklevel="0">
                                <labels>
                                  <label description="External Id" languagecode="1033" />
                                </labels>
                                <control id="mwo_externalidname" classid="{4273EDBD-AC1D-40d3-9FB2-095C621B552D}" datafieldname="mwo_externalidname" disabled="false" />
                              </cell>
                            </row>
                          </rows>
                        </section>
                      </sections>
                    </column>
                  </columns>
                </tab>
              </tabs>
              <Navigation>
                <NavBar></NavBar>
                <NavBarAreas>
                  <NavBarArea Id="Info">
                    <Titles>
                      <Title LCID="1033" Text="Common" />
                    </Titles>
                  </NavBarArea>
                  <NavBarArea Id="Sales">
                    <Titles>
                      <Title LCID="1033" Text="Sales" />
                    </Titles>
                  </NavBarArea>
                  <NavBarArea Id="Service">
                    <Titles>
                      <Title LCID="1033" Text="Service" />
                    </Titles>
                  </NavBarArea>
                  <NavBarArea Id="Marketing">
                    <Titles>
                      <Title LCID="1033" Text="Marketing" />
                    </Titles>
                  </NavBarArea>
                  <NavBarArea Id="ProcessCenter">
                    <Titles>
                      <Title LCID="1033" Text="Process Sessions" />
                    </Titles>
                  </NavBarArea>
                </NavBarAreas>
              </Navigation>
            </form>
            <IsCustomizable>1</IsCustomizable>
            <CanBeDeleted>1</CanBeDeleted>
            <LocalizedNames>
              <LocalizedName description="Information" languagecode="1033" />
            </LocalizedNames>
            <Descriptions>
              <Description description="A form for this entity." languagecode="1033" />
            </Descriptions>
          </systemform>
        </forms>
        <forms type="quick">
          <systemform>
            <formid>{4ffecc4e-ebfb-45f7-a19b-3fecbed79e10}</formid>
            <IntroducedVersion>1.0.0.0</IntroducedVersion>
            <FormPresentation>1</FormPresentation>
            <FormActivationState>1</FormActivationState>
            <form>
              <tabs>
                <tab verticallayout="true" id="{2d185ff9-17d9-4c37-a5d7-76a5a34c6ff7}" IsUserDefined="1">
                  <labels>
                    <label description="" languagecode="1033" />
                  </labels>
                  <columns>
                    <column width="100%">
                      <sections>
                        <section showlabel="false" showbar="false" IsUserDefined="0" id="{368b00a8-e09a-4e28-a00b-915d3426d528}">
                          <labels>
                            <label description="GENERAL" languagecode="1033" />
                          </labels>
                          <rows>
                            <row>
                              <cell id="{7b8ff658-1dfe-4bcc-934b-ae486b4aa77e}">
                                <labels>
                                  <label description="Name" languagecode="1033" />
                                </labels>
                                <control id="mwo_name" classid="{4273EDBD-AC1D-40d3-9FB2-095C621B552D}" datafieldname="mwo_name" />
                              </cell>
                            </row>
                          </rows>
                        </section>
                      </sections>
                    </column>
                  </columns>
                </tab>
              </tabs>
            </form>
            <IsCustomizable>1</IsCustomizable>
            <CanBeDeleted>1</CanBeDeleted>
            <LocalizedNames>
              <LocalizedName description="Information" languagecode="1033" />
            </LocalizedNames>
          </systemform>
        </forms>
      </FormXml>
      <SavedQueries>
        <savedqueries>
          <savedquery>
            <IsCustomizable>1</IsCustomizable>
            <CanBeDeleted>0</CanBeDeleted>
            <isquickfindquery>0</isquickfindquery>
            <isprivate>0</isprivate>
            <isdefault>1</isdefault>
            <savedqueryid>{f308088e-b163-434e-b546-7781876a149c}</savedqueryid>
            <layoutxml>
              <grid name="resultset" jump="mwo_name" select="1" icon="1" preview="1">
                <row name="result" id="mwo_externalid">
                  <cell name="mwo_name" width="300" />
                </row>
              </grid>
            </layoutxml>
            <querytype>0</querytype>
            <fetchxml>
              <fetch version="1.0" mapping="logical">
                <entity name="mwo_external">
                  <attribute name="mwo_externalid" />
                  <attribute name="mwo_name" />
                </entity>
              </fetch>
            </fetchxml>
            <IntroducedVersion>1.0.0.0</IntroducedVersion>
            <LocalizedNames>
              <LocalizedName description="All Externals" languagecode="1033" />
            </LocalizedNames>
          </savedquery>
          <savedquery>
            <IsCustomizable>1</IsCustomizable>
            <CanBeDeleted>0</CanBeDeleted>
            <isquickfindquery>0</isquickfindquery>
            <isprivate>0</isprivate>
            <isdefault>1</isdefault>
            <savedqueryid>{66003b8e-d11d-45bc-8d7d-bf9f642a8dbc}</savedqueryid>
            <layoutxml>
              <grid name="resultset" jump="mwo_name" select="1" icon="1" preview="1">
                <row name="result" id="mwo_externalid">
                  <cell name="mwo_name" width="300" />
                </row>
              </grid>
            </layoutxml>
            <querytype>1</querytype>
            <fetchxml>
              <fetch version="1.0" mapping="logical">
                <entity name="mwo_external">
                  <attribute name="mwo_externalid" />
                  <attribute name="mwo_name" />
                </entity>
              </fetch>
            </fetchxml>
            <IntroducedVersion>1.0.0.0</IntroducedVersion>
            <LocalizedNames>
              <LocalizedName description="External Advanced Find View" languagecode="1033" />
            </LocalizedNames>
          </savedquery>
          <savedquery>
            <IsCustomizable>1</IsCustomizable>
            <CanBeDeleted>0</CanBeDeleted>
            <isquickfindquery>0</isquickfindquery>
            <isprivate>0</isprivate>
            <isdefault>1</isdefault>
            <savedqueryid>{83c8551f-efd9-4061-b00d-00ca0409c76c}</savedqueryid>
            <layoutxml>
              <grid name="mwo_externals" jump="mwo_name" select="1" icon="1" preview="1">
                <row name="mwo_external" id="mwo_externalid">
                  <cell name="mwo_name" width="300" />
                </row>
              </grid>
            </layoutxml>
            <querytype>2</querytype>
            <fetchxml>
              <fetch version="1.0" mapping="logical">
                <entity name="mwo_external">
                  <attribute name="mwo_externalid" />
                  <attribute name="mwo_name" />
                </entity>
              </fetch>
            </fetchxml>
            <IntroducedVersion>1.0.0.0</IntroducedVersion>
            <LocalizedNames>
              <LocalizedName description="External Associated View" languagecode="1033" />
            </LocalizedNames>
          </savedquery>
          <savedquery>
            <IsCustomizable>1</IsCustomizable>
            <CanBeDeleted>0</CanBeDeleted>
            <isquickfindquery>0</isquickfindquery>
            <isprivate>0</isprivate>
            <isdefault>1</isdefault>
            <savedqueryid>{1b15e0bf-8c30-4fc9-bfd1-74f2d4cfbe5e}</savedqueryid>
            <layoutxml>
              <grid name="mwo_externals" jump="mwo_name" select="1" icon="1" preview="0">
                <row name="mwo_external" id="mwo_externalid">
                  <cell name="mwo_name" width="300" />
                </row>
              </grid>
            </layoutxml>
            <querytype>64</querytype>
            <fetchxml>
              <fetch version="1.0" mapping="logical">
                <entity name="mwo_external">
                  <attribute name="mwo_externalid" />
                  <attribute name="mwo_name" />
                </entity>
              </fetch>
            </fetchxml>
            <IntroducedVersion>1.0.0.0</IntroducedVersion>
            <LocalizedNames>
              <LocalizedName description="External Lookup View" languagecode="1033" />
            </LocalizedNames>
          </savedquery>
          <savedquery>
            <IsCustomizable>1</IsCustomizable>
            <CanBeDeleted>1</CanBeDeleted>
            <isquickfindquery>0</isquickfindquery>
            <isprivate>0</isprivate>
            <isdefault>1</isdefault>
            <savedqueryid>{d0b6bd69-271a-eb11-a813-000d3a59fa22}</savedqueryid>
            <querytype>8192</querytype>
            <fetchxml>
              <fetch version="1.0" mapping="logical" output-format="xml-platform">
                <entity name="mwo_external">
                  <attribute name="mwo_externalid" />
                </entity>
              </fetch>
            </fetchxml>
            <IntroducedVersion>1.0.0.0</IntroducedVersion>
            <LocalizedNames>
              <LocalizedName description="Externals" languagecode="1033" />
            </LocalizedNames>
            <Descriptions>
              <Description description="All active Externals" languagecode="1033" />
            </Descriptions>
          </savedquery>
          <savedquery>
            <IsCustomizable>1</IsCustomizable>
            <CanBeDeleted>0</CanBeDeleted>
            <isquickfindquery>1</isquickfindquery>
            <isprivate>0</isprivate>
            <isdefault>1</isdefault>
            <savedqueryid>{29db6e31-8a71-43aa-8bc5-9cbc1863ace9}</savedqueryid>
            <layoutxml>
              <grid name="resultset" jump="mwo_name" select="1" icon="1" preview="1">
                <row name="result" id="mwo_externalid">
                  <cell name="mwo_name" width="300" />
                </row>
              </grid>
            </layoutxml>
            <querytype>4</querytype>
            <fetchxml>
              <fetch version="1.0" mapping="logical">
                <entity name="mwo_external">
                  <attribute name="mwo_externalid" />
                  <attribute name="mwo_name" />
                </entity>
              </fetch>
            </fetchxml>
            <IntroducedVersion>1.0.0.0</IntroducedVersion>
            <LocalizedNames>
              <LocalizedName description="Quick Find Active Externals" languagecode="1033" />
            </LocalizedNames>
          </savedquery>
        </savedqueries>
      </SavedQueries>
      <RibbonDiffXml>
        <CustomActions>
          <CustomAction Id="mwo.mwo_external.Button2.Button.CustomAction" Location="Mscrm.Form.mwo_external.MainTab.Collaborate.Controls._children" Sequence="34">
            <CommandUIDefinition>
              <Button Command="mwo.mwo_external.Command0.Command" Id="mwo.mwo_external.Button2.Button" Image32by32="$webresource:Activities/Images/SendAndClose32.png" Image16by16="$webresource:Activities/Images/SendAndClose16.png" LabelText="$LocLabels:mwo.mwo_external.Button2.Button.LabelText" Sequence="34" TemplateAlias="o1" ModernImage="$webresource:Activities/Images/MailTemplate_16.svg" />
            </CommandUIDefinition>
          </CustomAction>
        </CustomActions>
        <Templates>
          <RibbonTemplates Id="Mscrm.Templates"></RibbonTemplates>
        </Templates>
        <CommandDefinitions>
          <CommandDefinition Id="mwo.mwo_external.Command0.Command">
            <EnableRules />
            <DisplayRules />
            <Actions />
          </CommandDefinition>
        </CommandDefinitions>
        <RuleDefinitions>
          <TabDisplayRules />
          <DisplayRules />
          <EnableRules />
        </RuleDefinitions>
        <LocLabels>
          <LocLabel Id="mwo.mwo_external.Button2.Button.LabelText">
            <Titles>
              <Title description="MyButton" languagecode="1033" />
            </Titles>
          </LocLabel>
        </LocLabels>
      </RibbonDiffXml>
    </Entity>
    <Entity>
      <Name LocalizedName="MySource" OriginalName="MySource">mwo_mysource</Name>
      <EntityInfo>
        <entity Name="mwo_mysource">
          <LocalizedNames>
            <LocalizedName description="MySource" languagecode="1033" />
          </LocalizedNames>
          <LocalizedCollectionNames>
            <LocalizedCollectionName description="MySources" languagecode="1033" />
          </LocalizedCollectionNames>
          <Descriptions>
            <Description description="" languagecode="1033" />
          </Descriptions>
          <attributes>
            <attribute PhysicalName="mwo_mysourceId">
              <Type>primarykey</Type>
              <Name>mwo_mysourceid</Name>
              <LogicalName>mwo_mysourceid</LogicalName>
              <RequiredLevel>systemrequired</RequiredLevel>
              <DisplayMask>ValidForAdvancedFind|RequiredForGrid</DisplayMask>
              <ImeMode>auto</ImeMode>
              <ValidForUpdateApi>0</ValidForUpdateApi>
              <ValidForReadApi>1</ValidForReadApi>
              <ValidForCreateApi>1</ValidForCreateApi>
              <IsCustomField>0</IsCustomField>
              <IsAuditEnabled>0</IsAuditEnabled>
              <IsSecured>0</IsSecured>
              <IntroducedVersion>1.0.0.0</IntroducedVersion>
              <IsCustomizable>1</IsCustomizable>
              <IsRenameable>1</IsRenameable>
              <CanModifySearchSettings>1</CanModifySearchSettings>
              <CanModifyRequirementLevelSettings>0</CanModifyRequirementLevelSettings>
              <CanModifyAdditionalSettings>1</CanModifyAdditionalSettings>
              <SourceType>0</SourceType>
              <IsGlobalFilterEnabled>0</IsGlobalFilterEnabled>
              <IsSortableEnabled>0</IsSortableEnabled>
              <CanModifyGlobalFilterSettings>1</CanModifyGlobalFilterSettings>
              <CanModifyIsSortableSettings>1</CanModifyIsSortableSettings>
              <ExternalName>MySource</ExternalName>
              <IsDataSourceSecret>0</IsDataSourceSecret>
              <AutoNumberFormat></AutoNumberFormat>
              <IsSearchable>0</IsSearchable>
              <IsFilterable>1</IsFilterable>
              <IsRetrievable>1</IsRetrievable>
              <IsLocalizable>0</IsLocalizable>
              <displaynames>
                <displayname description="MySource" languagecode="1033" />
              </displaynames>
              <Descriptions>
                <Description description="Unique identifier for entity instances" languagecode="1033" />
              </Descriptions>
            </attribute>
            <attribute PhysicalName="mwo_name">
              <Type>nvarchar</Type>
              <Name>mwo_name</Name>
              <LogicalName>mwo_name</LogicalName>
              <RequiredLevel>none</RequiredLevel>
              <DisplayMask>PrimaryName|ValidForAdvancedFind|ValidForForm|ValidForGrid|RequiredForForm</DisplayMask>
              <ImeMode>auto</ImeMode>
              <ValidForUpdateApi>1</ValidForUpdateApi>
              <ValidForReadApi>1</ValidForReadApi>
              <ValidForCreateApi>1</ValidForCreateApi>
              <IsCustomField>1</IsCustomField>
              <IsAuditEnabled>1</IsAuditEnabled>
              <IsSecured>0</IsSecured>
              <IntroducedVersion>1.0.0.0</IntroducedVersion>
              <IsCustomizable>1</IsCustomizable>
              <IsRenameable>1</IsRenameable>
              <CanModifySearchSettings>1</CanModifySearchSettings>
              <CanModifyRequirementLevelSettings>1</CanModifyRequirementLevelSettings>
              <CanModifyAdditionalSettings>1</CanModifyAdditionalSettings>
              <SourceType>0</SourceType>
              <IsGlobalFilterEnabled>0</IsGlobalFilterEnabled>
              <IsSortableEnabled>0</IsSortableEnabled>
              <CanModifyGlobalFilterSettings>1</CanModifyGlobalFilterSettings>
              <CanModifyIsSortableSettings>1</CanModifyIsSortableSettings>
              <ExternalName>Name</ExternalName>
              <IsDataSourceSecret>0</IsDataSourceSecret>
              <AutoNumberFormat></AutoNumberFormat>
              <IsSearchable>1</IsSearchable>
              <IsFilterable>0</IsFilterable>
              <IsRetrievable>1</IsRetrievable>
              <IsLocalizable>0</IsLocalizable>
              <Format>text</Format>
              <MaxLength>100</MaxLength>
              <Length>200</Length>
              <displaynames>
                <displayname description="Name" languagecode="1033" />
              </displaynames>
            </attribute>
          </attributes>
          <EntitySetName>mwo_mysources</EntitySetName>
          <IsDuplicateCheckSupported>0</IsDuplicateCheckSupported>
          <IsBusinessProcessEnabled>0</IsBusinessProcessEnabled>
          <IsRequiredOffline>0</IsRequiredOffline>
          <IsInteractionCentricEnabled>0</IsInteractionCentricEnabled>
          <IsCollaboration>0</IsCollaboration>
          <AutoRouteToOwnerQueue>0</AutoRouteToOwnerQueue>
          <IsConnectionsEnabled>0</IsConnectionsEnabled>
          <IsDocumentManagementEnabled>0</IsDocumentManagementEnabled>
          <AutoCreateAccessTeams>0</AutoCreateAccessTeams>
          <IsOneNoteIntegrationEnabled>0</IsOneNoteIntegrationEnabled>
          <IsKnowledgeManagementEnabled>0</IsKnowledgeManagementEnabled>
          <IsSLAEnabled>0</IsSLAEnabled>
          <IsDocumentRecommendationsEnabled>0</IsDocumentRecommendationsEnabled>
          <DataProviderId>{b2112a7e-b26c-42f7-9b63-9a809a9d716f}</DataProviderId>
          <IsBPFEntity>0</IsBPFEntity>
          <OwnershipTypeMask>OrgOwned</OwnershipTypeMask>
          <IsAuditEnabled>0</IsAuditEnabled>
          <IsRetrieveAuditEnabled>0</IsRetrieveAuditEnabled>
          <IsRetrieveMultipleAuditEnabled>0</IsRetrieveMultipleAuditEnabled>
          <IsActivity>0</IsActivity>
          <ActivityTypeMask></ActivityTypeMask>
          <IsActivityParty>0</IsActivityParty>
          <IsReplicated>0</IsReplicated>
          <IsReplicationUserFiltered>0</IsReplicationUserFiltered>
          <IsMailMergeEnabled>0</IsMailMergeEnabled>
          <IsVisibleInMobile>0</IsVisibleInMobile>
          <IsVisibleInMobileClient>0</IsVisibleInMobileClient>
          <IsReadOnlyInMobileClient>0</IsReadOnlyInMobileClient>
          <IsOfflineInMobileClient>0</IsOfflineInMobileClient>
          <DaysSinceRecordLastModified>0</DaysSinceRecordLastModified>
          <MobileOfflineFilters></MobileOfflineFilters>
          <IsMapiGridEnabled>0</IsMapiGridEnabled>
          <IsReadingPaneEnabled>0</IsReadingPaneEnabled>
          <IsQuickCreateEnabled>0</IsQuickCreateEnabled>
          <SyncToExternalSearchIndex>0</SyncToExternalSearchIndex>
          <IntroducedVersion>1.0.0.0</IntroducedVersion>
          <IsCustomizable>1</IsCustomizable>
          <IsRenameable>1</IsRenameable>
          <IsMappable>1</IsMappable>
          <CanModifyAuditSettings>1</CanModifyAuditSettings>
          <CanModifyMobileVisibility>1</CanModifyMobileVisibility>
          <CanModifyMobileClientVisibility>1</CanModifyMobileClientVisibility>
          <CanModifyMobileClientReadOnly>1</CanModifyMobileClientReadOnly>
          <CanModifyMobileClientOffline>1</CanModifyMobileClientOffline>
          <CanModifyConnectionSettings>1</CanModifyConnectionSettings>
          <CanModifyDuplicateDetectionSettings>1</CanModifyDuplicateDetectionSettings>
          <CanModifyMailMergeSettings>1</CanModifyMailMergeSettings>
          <CanModifyQueueSettings>1</CanModifyQueueSettings>
          <CanCreateAttributes>1</CanCreateAttributes>
          <CanCreateForms>1</CanCreateForms>
          <CanCreateCharts>0</CanCreateCharts>
          <CanCreateViews>1</CanCreateViews>
          <CanModifyAdditionalSettings>0</CanModifyAdditionalSettings>
          <CanEnableSyncToExternalSearchIndex>0</CanEnableSyncToExternalSearchIndex>
          <EnforceStateTransitions>0</EnforceStateTransitions>
          <CanChangeHierarchicalRelationship>0</CanChangeHierarchicalRelationship>
          <EntityHelpUrlEnabled>0</EntityHelpUrlEnabled>
          <ChangeTrackingEnabled>0</ChangeTrackingEnabled>
          <CanChangeTrackingBeEnabled>0</CanChangeTrackingBeEnabled>
          <IsEnabledForExternalChannels>0</IsEnabledForExternalChannels>
          <ExternalName>MySource</ExternalName>
          <ExternalCollectionName>MySources</ExternalCollectionName>
          <IsSolutionAware>0</IsSolutionAware>
        </entity>
      </EntityInfo>
      <FormXml>
        <forms type="card">
          <systemform>
            <formid>{727f750b-7a0f-47d1-9c9c-9a246163653f}</formid>
            <IntroducedVersion>1.0.0.0</IntroducedVersion>
            <FormPresentation>1</FormPresentation>
            <FormActivationState>1</FormActivationState>
            <form>
              <tabs>
                <tab name="general" verticallayout="true" id="{309d7d04-f873-491e-b5dd-b786bb3bbae5}" IsUserDefined="0">
                  <labels>
                    <label description="" languagecode="1033" />
                  </labels>
                  <columns>
                    <column width="25%">
                      <sections>
                        <section name="ColorStrip" showlabel="false" showbar="false" columns="1" IsUserDefined="0" id="{6ec639a8-a66f-4364-8370-4e97162bfce5}">
                          <labels>
                            <label description="ColorStrip" languagecode="1033" />
                          </labels>
                        </section>
                      </sections>
                    </column>
                    <column width="75%">
                      <sections>
                        <section name="CardHeader" showlabel="false" showbar="false" columns="111" id="{c7ffdf24-8528-4a0f-8637-14bfcc9389ac}" IsUserDefined="0">
                          <labels>
                            <label description="Header" languagecode="1033" />
                          </labels>
                          <rows>
                            <row>
                              <cell id="{ec6a0583-aa1f-458a-8f97-de154815bb2f}" showlabel="true" locklevel="0">
                                <labels>
                                  <label description="" languagecode="1033" />
                                </labels>
                                <control id="statuscode" classid="{5D68B988-0661-4db2-BC3E-17598AD3BE6C}" datafieldname="statuscode" disabled="false" />
                              </cell>
                              <cell id="{c20819ea-5b08-4d4c-ba66-ca87a97f2aca}" showlabel="true" locklevel="0">
                                <labels>
                                  <label description="" languagecode="1033" />
                                </labels>
                              </cell>
                              <cell id="{4e3b3269-05cc-47f5-8512-5a99a7d1089c}" showlabel="true" locklevel="0">
                                <labels>
                                  <label description="" languagecode="1033" />
                                </labels>
                              </cell>
                            </row>
                          </rows>
                        </section>
                        <section name="CardDetails" showlabel="false" showbar="false" columns="1" id="{8386eca0-c208-4b42-ad66-1567ad5f31d7}" IsUserDefined="0">
                          <labels>
                            <label description="Details" languagecode="1033" />
                          </labels>
                          <rows>
                            <row>
                              <cell id="{89244958-9ceb-41ac-9488-c44ce17347b0}" showlabel="true" locklevel="0">
                                <labels>
                                  <label description="Name" languagecode="1033" />
                                </labels>
                                <control id="mwo_name" classid="{4273EDBD-AC1D-40d3-9FB2-095C621B552D}" datafieldname="mwo_name" disabled="false" />
                              </cell>
                            </row>
                          </rows>
                        </section>
                        <section name="CardFooter" showlabel="false" columns="1111" showbar="false" id="{be45dde3-e613-4f9f-aff0-bbb00c05fd04}" IsUserDefined="0">
                          <labels>
                            <label description="Footer" languagecode="1033" />
                          </labels>
                          <rows>
                            <row>
                              <cell id="{705f1a79-66a6-4bd1-b000-f2a0da542ce8}" showlabel="true" locklevel="0">
                                <labels>
                                  <label description="" languagecode="1033" />
                                </labels>
                                <control id="createdon" classid="{270BD3DB-D9AF-4782-9025-509E298DEC0A}" datafieldname="createdon" disabled="false" />
                              </cell>
                              <cell id="{a331c8c5-9311-4874-8663-06818c913d3c}" showlabel="true" locklevel="0">
                                <labels>
                                  <label description="" languagecode="1033" />
                                </labels>
                              </cell>
                              <cell id="{6055e1ae-652a-48ee-93cc-3a90c82f67af}" showlabel="true" locklevel="0">
                                <labels>
                                  <label description="" languagecode="1033" />
                                </labels>
                              </cell>
                            </row>
                          </rows>
                        </section>
                      </sections>
                    </column>
                  </columns>
                </tab>
              </tabs>
            </form>
            <IsCustomizable>1</IsCustomizable>
            <CanBeDeleted>1</CanBeDeleted>
            <LocalizedNames>
              <LocalizedName description="Information" languagecode="1033" />
            </LocalizedNames>
            <Descriptions>
              <Description description="A card form for this entity." languagecode="1033" />
            </Descriptions>
          </systemform>
        </forms>
        <forms type="main">
          <systemform>
            <formid>{3d81b6d8-ef22-48d1-8200-025079335624}</formid>
            <IntroducedVersion>1.0.0.0</IntroducedVersion>
            <FormPresentation>1</FormPresentation>
            <FormActivationState>1</FormActivationState>
            <form>
              <tabs>
                <tab verticallayout="true" id="{5dcc8d80-d224-4735-b990-bd0ac9404aaf}" IsUserDefined="1">
                  <labels>
                    <label description="General" languagecode="1033" />
                  </labels>
                  <columns>
                    <column width="100%">
                      <sections>
                        <section showlabel="false" showbar="false" IsUserDefined="0" id="{e79e14eb-35f8-4918-8f96-d0b2d547f1c9}">
                          <labels>
                            <label description="General" languagecode="1033" />
                          </labels>
                          <rows>
                            <row>
                              <cell id="{9f9095ba-60c1-4637-8a89-4914e7858b5c}">
                                <labels>
                                  <label description="Name" languagecode="1033" />
                                </labels>
                                <control id="mwo_name" classid="{4273EDBD-AC1D-40d3-9FB2-095C621B552D}" datafieldname="mwo_name" />
                              </cell>
                            </row>
                          </rows>
                        </section>
                      </sections>
                    </column>
                  </columns>
                </tab>
              </tabs>
            </form>
            <IsCustomizable>1</IsCustomizable>
            <CanBeDeleted>1</CanBeDeleted>
            <LocalizedNames>
              <LocalizedName description="Information" languagecode="1033" />
            </LocalizedNames>
            <Descriptions>
              <Description description="A form for this entity." languagecode="1033" />
            </Descriptions>
          </systemform>
        </forms>
        <forms type="quick">
          <systemform>
            <formid>{4d74e637-f334-4ffb-9a3f-f349f1dbf480}</formid>
            <IntroducedVersion>1.0.0.0</IntroducedVersion>
            <FormPresentation>1</FormPresentation>
            <FormActivationState>1</FormActivationState>
            <form>
              <tabs>
                <tab verticallayout="true" id="{dbc0d680-79de-44f4-9c88-d5ce6edbb38b}" IsUserDefined="1">
                  <labels>
                    <label description="" languagecode="1033" />
                  </labels>
                  <columns>
                    <column width="100%">
                      <sections>
                        <section showlabel="false" showbar="false" IsUserDefined="0" id="{a21d244d-7108-48f5-8139-c4721951f193}">
                          <labels>
                            <label description="GENERAL" languagecode="1033" />
                          </labels>
                          <rows>
                            <row>
                              <cell id="{b30638e4-b307-4606-b8c7-413e28d482f9}">
                                <labels>
                                  <label description="Name" languagecode="1033" />
                                </labels>
                                <control id="mwo_name" classid="{4273EDBD-AC1D-40d3-9FB2-095C621B552D}" datafieldname="mwo_name" />
                              </cell>
                            </row>
                          </rows>
                        </section>
                      </sections>
                    </column>
                  </columns>
                </tab>
              </tabs>
            </form>
            <IsCustomizable>1</IsCustomizable>
            <CanBeDeleted>1</CanBeDeleted>
            <LocalizedNames>
              <LocalizedName description="Information" languagecode="1033" />
            </LocalizedNames>
          </systemform>
        </forms>
      </FormXml>
      <SavedQueries>
        <savedqueries>
          <savedquery>
            <IsCustomizable>1</IsCustomizable>
            <CanBeDeleted>0</CanBeDeleted>
            <isquickfindquery>0</isquickfindquery>
            <isprivate>0</isprivate>
            <isdefault>1</isdefault>
            <savedqueryid>{e61c8e92-37f7-404b-94c9-f5626601d8b4}</savedqueryid>
            <layoutxml>
              <grid name="resultset" jump="mwo_name" select="1" icon="1" preview="1">
                <row name="result" id="mwo_mysourceid">
                  <cell name="mwo_name" width="300" />
                </row>
              </grid>
            </layoutxml>
            <querytype>0</querytype>
            <fetchxml>
              <fetch version="1.0" mapping="logical">
                <entity name="mwo_mysource">
                  <attribute name="mwo_mysourceid" />
                  <attribute name="mwo_name" />
                </entity>
              </fetch>
            </fetchxml>
            <IntroducedVersion>1.0.0.0</IntroducedVersion>
            <LocalizedNames>
              <LocalizedName description="All MySources" languagecode="1033" />
            </LocalizedNames>
          </savedquery>
          <savedquery>
            <IsCustomizable>1</IsCustomizable>
            <CanBeDeleted>0</CanBeDeleted>
            <isquickfindquery>0</isquickfindquery>
            <isprivate>0</isprivate>
            <isdefault>1</isdefault>
            <savedqueryid>{130d468b-deba-43b5-8855-69a00020beb4}</savedqueryid>
            <layoutxml>
              <grid name="resultset" jump="mwo_name" select="1" icon="1" preview="1">
                <row name="result" id="mwo_mysourceid">
                  <cell name="mwo_name" width="300" />
                </row>
              </grid>
            </layoutxml>
            <querytype>1</querytype>
            <fetchxml>
              <fetch version="1.0" mapping="logical">
                <entity name="mwo_mysource">
                  <attribute name="mwo_mysourceid" />
                  <attribute name="mwo_name" />
                </entity>
              </fetch>
            </fetchxml>
            <IntroducedVersion>1.0.0.0</IntroducedVersion>
            <LocalizedNames>
              <LocalizedName description="MySource Advanced Find View" languagecode="1033" />
            </LocalizedNames>
          </savedquery>
          <savedquery>
            <IsCustomizable>1</IsCustomizable>
            <CanBeDeleted>0</CanBeDeleted>
            <isquickfindquery>0</isquickfindquery>
            <isprivate>0</isprivate>
            <isdefault>1</isdefault>
            <savedqueryid>{f79b5661-3992-4b6f-bae9-b5497b77e62f}</savedqueryid>
            <layoutxml>
              <grid name="mwo_mysources" jump="mwo_name" select="1" icon="1" preview="1">
                <row name="mwo_mysource" id="mwo_mysourceid">
                  <cell name="mwo_name" width="300" />
                </row>
              </grid>
            </layoutxml>
            <querytype>2</querytype>
            <fetchxml>
              <fetch version="1.0" mapping="logical">
                <entity name="mwo_mysource">
                  <attribute name="mwo_mysourceid" />
                  <attribute name="mwo_name" />
                </entity>
              </fetch>
            </fetchxml>
            <IntroducedVersion>1.0.0.0</IntroducedVersion>
            <LocalizedNames>
              <LocalizedName description="MySource Associated View" languagecode="1033" />
            </LocalizedNames>
          </savedquery>
          <savedquery>
            <IsCustomizable>1</IsCustomizable>
            <CanBeDeleted>0</CanBeDeleted>
            <isquickfindquery>0</isquickfindquery>
            <isprivate>0</isprivate>
            <isdefault>1</isdefault>
            <savedqueryid>{556f7941-c5cb-42fb-930f-3342e0fda528}</savedqueryid>
            <layoutxml>
              <grid name="mwo_mysources" jump="mwo_name" select="1" icon="1" preview="0">
                <row name="mwo_mysource" id="mwo_mysourceid">
                  <cell name="mwo_name" width="300" />
                </row>
              </grid>
            </layoutxml>
            <querytype>64</querytype>
            <fetchxml>
              <fetch version="1.0" mapping="logical">
                <entity name="mwo_mysource">
                  <attribute name="mwo_mysourceid" />
                  <attribute name="mwo_name" />
                </entity>
              </fetch>
            </fetchxml>
            <IntroducedVersion>1.0.0.0</IntroducedVersion>
            <LocalizedNames>
              <LocalizedName description="MySource Lookup View" languagecode="1033" />
            </LocalizedNames>
          </savedquery>
          <savedquery>
            <IsCustomizable>1</IsCustomizable>
            <CanBeDeleted>1</CanBeDeleted>
            <isquickfindquery>0</isquickfindquery>
            <isprivate>0</isprivate>
            <isdefault>1</isdefault>
            <savedqueryid>{62cda30d-791a-eb11-a813-000d3a59fa22}</savedqueryid>
            <querytype>8192</querytype>
            <fetchxml>
              <fetch version="1.0" mapping="logical" output-format="xml-platform">
                <entity name="mwo_mysource">
                  <attribute name="mwo_mysourceid" />
                </entity>
              </fetch>
            </fetchxml>
            <IntroducedVersion>1.0.0.0</IntroducedVersion>
            <LocalizedNames>
              <LocalizedName description="MySources" languagecode="1033" />
            </LocalizedNames>
            <Descriptions>
              <Description description="All active MySources" languagecode="1033" />
            </Descriptions>
          </savedquery>
          <savedquery>
            <IsCustomizable>1</IsCustomizable>
            <CanBeDeleted>0</CanBeDeleted>
            <isquickfindquery>1</isquickfindquery>
            <isprivate>0</isprivate>
            <isdefault>1</isdefault>
            <savedqueryid>{397da3f7-c3f7-42f8-802f-5b8217ba616b}</savedqueryid>
            <layoutxml>
              <grid name="resultset" jump="mwo_name" select="1" icon="1" preview="1">
                <row name="result" id="mwo_mysourceid">
                  <cell name="mwo_name" width="300" />
                </row>
              </grid>
            </layoutxml>
            <querytype>4</querytype>
            <fetchxml>
              <fetch version="1.0" mapping="logical">
                <entity name="mwo_mysource">
                  <attribute name="mwo_mysourceid" />
                  <attribute name="mwo_name" />
                </entity>
              </fetch>
            </fetchxml>
            <IntroducedVersion>1.0.0.0</IntroducedVersion>
            <LocalizedNames>
              <LocalizedName description="Quick Find Active MySources" languagecode="1033" />
            </LocalizedNames>
          </savedquery>
        </savedqueries>
      </SavedQueries>
      <RibbonDiffXml>
        <CustomActions />
        <Templates>
          <RibbonTemplates Id="Mscrm.Templates"></RibbonTemplates>
        </Templates>
        <CommandDefinitions />
        <RuleDefinitions>
          <TabDisplayRules />
          <DisplayRules />
          <EnableRules />
        </RuleDefinitions>
        <LocLabels />
      </RibbonDiffXml>
    </Entity>
  </Entities>
  <Roles></Roles>
  <Workflows>
    <Workflow WorkflowId="{427b4096-7f1a-eb11-a813-000d3a59fa22}" Name="New business rule" Description="Click to add description">
      <XamlFileName>/Workflows/Newbusinessrule-427B4096-7F1A-EB11-A813-000D3A59FA22.xaml</XamlFileName>
      <Type>1</Type>
      <Subprocess>0</Subprocess>
      <Category>2</Category>
      <Mode>1</Mode>
      <Scope>4</Scope>
      <OnDemand>0</OnDemand>
      <TriggerOnCreate>0</TriggerOnCreate>
      <TriggerOnDelete>0</TriggerOnDelete>
      <AsyncAutodelete>0</AsyncAutodelete>
      <SyncWorkflowLogOnFailure>0</SyncWorkflowLogOnFailure>
      <StateCode>1</StateCode>
      <StatusCode>2</StatusCode>
      <RunAs>1</RunAs>
      <IsTransacted>1</IsTransacted>
      <IntroducedVersion>1.0.0.0</IntroducedVersion>
      <IsCustomizable>1</IsCustomizable>
      <BusinessProcessType>0</BusinessProcessType>
      <IsCustomProcessingStepAllowedForOtherPublishers>1</IsCustomProcessingStepAllowedForOtherPublishers>
      <ProcessTriggerFormId>{bf7e5c24-425b-4855-8d6c-d41452530982}</ProcessTriggerFormId>
      <ProcessTriggerScope>1</ProcessTriggerScope>
      <PrimaryEntity>mwo_external</PrimaryEntity>
      <LocalizedNames>
        <LocalizedName languagecode="1033" description="New business rule" />
      </LocalizedNames>
      <Descriptions>
        <Description languagecode="1033" description="Click to add description" />
      </Descriptions>
      <labels>
        <steplabels id="{46b3b5d2-92ed-4817-afca-5539b7eef657}">
          <label languagecode="1033" description="The Name is Hello!" />
        </steplabels>
      </labels>
    </Workflow>
  </Workflows>
  <FieldSecurityProfiles></FieldSecurityProfiles>
  <Templates />
  <EntityMaps />
  <EntityRelationships>
    <EntityRelationship Name="mwo_account_mwo_external">
      <EntityRelationshipType>ManyToMany</EntityRelationshipType>
      <IsCustomizable>1</IsCustomizable>
      <IntroducedVersion>1.0.0.0</IntroducedVersion>
      <IsHierarchical>0</IsHierarchical>
      <FirstEntityName>Account</FirstEntityName>
      <SecondEntityName>mwo_external</SecondEntityName>
      <IntersectEntityName>mwo_account_mwo_external</IntersectEntityName>
      <IsValidForAdvancedFind>1</IsValidForAdvancedFind>
      <EntityRelationshipRoles>
        <EntityRelationshipRole>
          <NavPaneDisplayOption>DoNotDisplay</NavPaneDisplayOption>
          <NavigationPropertyName>mwo_account_mwo_external</NavigationPropertyName>
          <AssociationRoleOrdinal>1</AssociationRoleOrdinal>
        </EntityRelationshipRole>
        <EntityRelationshipRole>
          <NavPaneDisplayOption>DoNotDisplay</NavPaneDisplayOption>
          <NavigationPropertyName>mwo_account_mwo_external</NavigationPropertyName>
          <AssociationRoleOrdinal>2</AssociationRoleOrdinal>
        </EntityRelationshipRole>
      </EntityRelationshipRoles>
    </EntityRelationship>
  </EntityRelationships>
  <OrganizationSettings />
  <optionsets />
  <CustomControls />
  <SolutionPluginAssemblies>
    <PluginAssembly FullName="VirtualEntityTest1, Version=1.0.0.0, Culture=neutral, PublicKeyToken=0d940b9566af5fdc" PluginAssemblyId="a02e1fe7-dd9d-440d-8263-91982d87c7f0" CustomizationLevel="1">
      <IsolationMode>2</IsolationMode>
      <SourceType>0</SourceType>
      <IntroducedVersion>1.0</IntroducedVersion>
      <FileName>/PluginAssemblies/VirtualEntityTest1-A02E1FE7-DD9D-440D-8263-91982D87C7F0/VirtualEntityTest1.dll</FileName>
      <PluginTypes>
        <PluginType AssemblyQualifiedName="VirtualEntityTest1.Retrieve, VirtualEntityTest1, Version=1.0.0.0, Culture=neutral, PublicKeyToken=0d940b9566af5fdc" PluginTypeId="932c4c04-30f3-4923-9f15-b4e065639c02" Name="VirtualEntityTest1.Retrieve">
          <FriendlyName>73eb6dfb-b4c2-49eb-a056-2954e3149dfb</FriendlyName>
        </PluginType>
        <PluginType AssemblyQualifiedName="VirtualEntityTest1.RetrieveMultiple, VirtualEntityTest1, Version=1.0.0.0, Culture=neutral, PublicKeyToken=0d940b9566af5fdc" PluginTypeId="767ece2c-ef07-497c-960f-f19f769d5454" Name="VirtualEntityTest1.RetrieveMultiple">
          <FriendlyName>c2dbcba5-b8fc-44f4-9ffc-28c927278c1d</FriendlyName>
        </PluginType>
      </PluginTypes>
    </PluginAssembly>
  </SolutionPluginAssemblies>
  <EntityDataProviders>
    <EntityDataProvider>
      <EntityDataProviderId>{d08ece66-791a-eb11-a813-000d3a59fa22}</EntityDataProviderId>
      <Name>MyProvider</Name>
      <DataSourceLogicalName>mwo_mysource</DataSourceLogicalName>
      <IsCustomizable>1</IsCustomizable>
      <RetrievePluginTypeId>932c4c04-30f3-4923-9f15-b4e065639c02</RetrievePluginTypeId>
      <RetrieveMultiplePluginTypeId>767ece2c-ef07-497c-960f-f19f769d5454</RetrieveMultiplePluginTypeId>
    </EntityDataProvider>
  </EntityDataProviders>
  <EntityDataSources>
    <EntityDataSource EntityDataSourceId="{a2a33b7d-791a-eb11-a813-000d3a59fa22}">
      <Name>MySource</Name>
      <ConnectionDefinition>%7B%0D%0A++%22MySource%22%3A+%22a2a33b7d-791a-eb11-a813-000d3a59fa22%22%2C%0D%0A++%22Name%22%3A+%22MySource%22%0D%0A%7D</ConnectionDefinition>
      <EntityDataProviderId>{d08ece66-791a-eb11-a813-000d3a59fa22}</EntityDataProviderId>
      <IsCustomizable>1</IsCustomizable>
    </EntityDataSource>
  </EntityDataSources>
  <Languages>
    <Language>1033</Language>
  </Languages>
</ImportExportXml>